filename,label,lifetime_step
eps1.log,1,242
eps10.log,1,276
eps11.log,1,294
eps12.log,1,291
eps13.log,1,250
eps14.log,1,270
eps15.log,1,303
eps16.log,1,278
eps17.log,1,241
eps18.log,1,250
eps19.log,1,296
eps2.log,1,282
eps20.log,1,302
eps21.log,1,236
eps22.log,1,284
eps23.log,1,281
eps24.log,1,247
eps25.log,1,295
eps26.log,1,285
eps27.log,1,295
eps28.log,1,240
eps29.log,1,253
eps3.log,1,299
eps30.log,1,285
eps31.log,1,299
eps32.log,1,294
eps33.log,1,245
eps34.log,1,243
eps35.log,1,237
eps36.log,1,274
eps37.log,1,301
eps38.log,1,275
eps39.log,1,320
eps4.log,1,284
eps40.log,1,261
eps41.log,1,282
eps42.log,1,247
eps43.log,1,256
eps44.log,1,237
eps45.log,1,314
eps46.log,1,250
eps47.log,1,293
eps48.log,1,281
eps49.log,1,238
eps5.log,1,249
eps50.log,1,287
eps6.log,1,245
eps7.log,1,304
eps8.log,1,267
eps9.log,1,257
neps1.log,2,235
neps10.log,2,247
neps11.log,2,248
neps12.log,2,238
neps13.log,2,229
neps14.log,2,236
neps15.log,2,264
neps16.log,2,258
neps17.log,2,219
neps18.log,2,240
neps19.log,2,253
neps2.log,2,
neps20.log,2,256
neps21.log,2,236
neps22.log,2,249
neps23.log,2,240
neps24.log,2,249
neps25.log,2,237
neps26.log,2,253
neps27.log,2,280
neps28.log,2,224
neps29.log,2,232
neps3.log,2,300
neps30.log,2,220
neps31.log,2,288
neps32.log,2,
neps33.log,2,216
neps34.log,2,225
neps35.log,2,210
neps36.log,2,
neps37.log,2,254
neps38.log,2,275
neps39.log,2,247
neps4.log,2,
neps40.log,2,239
neps41.log,2,224
neps42.log,2,221
neps43.log,2,252
neps44.log,2,230
neps45.log,2,292
neps46.log,2,235
neps47.log,2,254
neps48.log,2,234
neps49.log,2,209
neps5.log,2,226
neps50.log,2,235
neps6.log,2,224
neps7.log,2,264
neps8.log,2,239
neps9.log,2,221
